<?xml version="1.0" encoding="UTF-8"?>
<project-private xmlns="http://www.netbeans.org/ns/project-private/1">
    <editor-bookmarks xmlns="http://www.netbeans.org/ns/editor-bookmarks/2" lastBookmarkId="0"/>
    <open-files xmlns="http://www.netbeans.org/ns/projectui-open-files/2">
        <group>
            <file>file:/C:/Users/boban/OneDrive/Documents/NetBeansProjects/ITS340Project/src/its340project/PatientDemographics.java</file>
            <file>file:/C:/Users/boban/OneDrive/Documents/NetBeansProjects/ITS340Project/src/its340project/FamilyHistory.java</file>
            <file>file:/C:/Users/boban/OneDrive/Documents/NetBeansProjects/ITS340Project/src/its340project/DecisionTree.java</file>
            <file>file:/C:/Users/boban/OneDrive/Documents/NetBeansProjects/ITS340Project/src/its340project/AllergyHistory.java</file>
            <file>file:/C:/Users/boban/OneDrive/Documents/NetBeansProjects/ITS340Project/src/its340project/Node.java</file>
            <file>file:/C:/Users/boban/OneDrive/Documents/NetBeansProjects/ITS340Project/src/its340project/DBUtils.java</file>
            <file>file:/C:/Users/boban/OneDrive/Documents/NetBeansProjects/ITS340Project/src/its340project/Patient.java</file>
        </group>
    </open-files>
</project-private>
